# Fictional sample data. Cedar Hill Community Church, actuals for January to March 2026, summarized from a QuickBooks Online Profit and Loss export.
Category,Type,Amount
Tithes and offerings,income,55500
Online giving,income,9000
Designated gifts (missions),income,4500
Building use fees,income,900
Interest,income,315
Staff salaries and benefits,expense,36000
Worship and ministries,expense,5100
Youth ministry,expense,3100
Missions giving,expense,3600
Facilities and utilities,expense,11400
Office and technology,expense,2800
Insurance,expense,1200
Sound equipment purchase,expense,1500
