data_label,submitted_at,email,name,starting_point,rate_listening,rate_boundaries,rate_resources,rate_faith_conversations,rate_self_care,one_thing,walk_away_with,needs
Fictional sample data,2026-09-29 19:12,elliot.ellison@example.org,Elliot Ellison,New to mentoring,7,9,10,6,5,I don't know what help is actually available in our county.,A list of places I can call when my family needs something.,None
Fictional sample data,2026-09-30 08:40,frankie.foster@example.org,Frankie Foster,Mentoring 3+ years,5,8,6,9,8,How to talk about faith without it feeling like a condition of help.,Words I can actually use.,Vegetarian lunch
Fictional sample data,2026-10-02 21:05,jesse.hale@example.org,Jesse Hale,New to mentoring,8,10,9,5,6,Knowing where my role ends. I want to help but I'm afraid of doing too much.,Clear lines I can explain to my family.,None
Fictional sample data,2026-10-03 12:30,logan.jensen@example.org,Logan Jensen,Mentoring 1-2 years,6,7,8,7,9,Burnout. Last year I almost quit.,A plan to keep going without burning out.,None
Fictional sample data,2026-10-05 17:45,logan.jensen@example.org,Logan Jensen,Mentoring 1-2 years,6,8,8,7,10,Burnout and saying no.,A plan to keep going and permission to say no.,None
Fictional sample data,2026-10-06 09:15,parker.monroe@example.org,Parker Monroe,New to mentoring,9,8,9,6,5,What do I even say at the first meeting?,A first-month plan.,Wheelchair access
Fictional sample data,2026-10-08 20:20, Quinn.Nash@Example.org ,Quinn Nash,New to mentoring,8,9,10,5,6,Finding housing and job resources quickly.,Phone numbers and a map of services.,None
Fictional sample data,2026-10-10 14:00,sage.quincy@example.org,Sage Quincy,Mentoring 3+ years,4,7,5,8,9,Helping newer mentors. I get a lot of questions.,Ways to support the new people.,Gluten-free lunch
Fictional sample data,2026-10-13 18:10,emerson.tran@example.org,Emerson Tran,New to mentoring,9,9,8,6,4,Listening without trying to fix everything.,Confidence for the first conversation.,None
Fictional sample data,2026-10-15 07:55,kai.walsh@example.org,Kai Walsh,Mentoring 1-2 years,6,9,7,7,7,What to do when a family stops returning calls.,A next step when things stall.,Childcare for one child (age 6)
Fictional sample data,2026-10-19 22:30,oakley.archer@example.org,Oakley Archer,New to mentoring,8,10,9,6,6,Boundaries around money requests.,A clear answer for when I'm asked for money.,None
Fictional sample data,2026-10-22 16:05,pat.nolan@example.org,Pat Nolan,New to mentoring,7,8,9,5,6,I signed up through my church's group registration.,Resources and a plan.,None
Fictional sample data,2026-10-24 11:40,val.frost@example.org,Val Frost,Mentoring 3+ years,5,7,6,9,8,Praying with families in a way that respects them.,Some practices I can offer.,None
Fictional sample data,2026-10-27 19:50,briar.ingram@example.org,Briar Ingram,New to mentoring,9,9,10,6,5,Everything. I start next month.,Enough to feel ready.,None
