data_label,registration_id,registered_on,name,email,ticket_type,amount_paid,status,note
Fictional sample data,R001,2026-08-20,Avery Abbott,avery.abbott@example.org,Retreat (original),40,paid,Moved to redesigned day; 80 difference refunded 2026-10-02
Fictional sample data,R002,2026-09-02,Blake Bell,blake.bell@example.org,Retreat (original),0,refunded,Full refund 2026-10-02 at registrant's request
Fictional sample data,R003,2026-09-10,Casey Carver,casey.carver@example.org,Host volunteer,0,comp,
Fictional sample data,R004,2026-09-15,Devon Dunn,devon.dunn@example.org,Retreat (original),40,paid,Moved to redesigned day; 80 difference refunded 2026-10-02
Fictional sample data,R005,2026-09-28,Elliot Ellison,elliot.ellison@example.org,Standard,40,paid,
Fictional sample data,R006,2026-09-29,Frankie Foster,frankie.foster@example.org,Standard,40,paid,
Fictional sample data,R007,2026-09-30,Harper Grant,harper.grant@example.org,Standard,40,paid,
Fictional sample data,R008,2026-10-01,Jesse Hale,jesse.hale@example.org,Standard,40,paid,
Fictional sample data,R009,2026-10-02,Kendall Irwin,kendall.irwin@example.org,Standard,40,paid,
Fictional sample data,R010,2026-10-03,Logan Jensen,logan.jensen@example.org,Standard,40,paid,
Fictional sample data,R011,2026-10-04,Morgan Keller,morgan.keller@example.org,Scholarship,0,scholarship,
Fictional sample data,R012,2026-10-05,Noel Lowe,noel.lowe@example.org,Standard,40,paid,
Fictional sample data,R013,2026-10-06,Parker Monroe,parker.monroe@example.org,Standard,40,paid,
Fictional sample data,R014,2026-10-07,Quinn Nash,quinn.nash@example.org,Standard,40,paid,
Fictional sample data,R015,2026-10-08,Reese Ortega,reese.ortega@example.org,Standard,40,paid,
Fictional sample data,R016,2026-10-09,Rowan Pruitt,rowan.pruitt@example.org,Standard,40,paid,
Fictional sample data,R017,2026-10-10,Sage Quincy,sage.quincy@example.org,Standard,40,paid,
Fictional sample data,R018,2026-10-11,Skyler Rhodes,skyler.rhodes@example.org,Scholarship,0,scholarship,
Fictional sample data,R019,2026-10-12,Taylor Sloane,taylor.sloane@example.org,Standard,40,paid,
Fictional sample data,R020,2026-10-13,Emerson Tran,emerson.tran@example.org,Standard,40,paid,
Fictional sample data,R021,2026-10-14,Hayden Upton,hayden.upton@example.org,Standard,40,paid,
Fictional sample data,R022,2026-10-15,Jamie Vance,jamie.vance@example.org,Standard,40,paid,
Fictional sample data,R023,2026-10-16,Kai Walsh,kai.walsh@example.org,Standard,40,paid,
Fictional sample data,R024,2026-10-18,Lane Yates,lane.yates@example.org,Standard,40,paid,
Fictional sample data,R025,2026-10-18,Micah Zimmer,micah.zimmer@example.org,Scholarship,0,scholarship,
Fictional sample data,R026,2026-10-19,Oakley Archer,oakley.archer@example.org,Standard,40,paid,
Fictional sample data,R027,2026-10-20,Peyton Brooks,peyton.brooks@example.org,Standard,40,paid,
Fictional sample data,R028,2026-10-21,Remy Cole,remy.cole@example.org,Standard,40,paid,
Fictional sample data,R029,2026-10-22,Shiloh Dalton,shiloh.dalton@example.org,Standard,40,paid,
Fictional sample data,R030,2026-10-23,Tatum Everett,tatum.everett@example.org,Standard,40,paid,
Fictional sample data,R031,2026-10-24,Val Frost,val.frost@example.org,Standard,40,paid,
Fictional sample data,R032,2026-10-24,Wren Garner,wren.garner@example.org,Scholarship,0,scholarship,
Fictional sample data,R033,2026-10-25,Arden Hughes,arden.hughes@example.org,Standard,40,paid,
Fictional sample data,R034,2026-10-26,Briar Ingram,briar.ingram@example.org,Standard,40,paid,
Fictional sample data,R035,2026-10-27,Cameron Joyner,cameron.joyner@example.org,Standard,40,paid,
Fictional sample data,R036,2026-10-28,Drew Kemp,drew.kemp@example.org,Scholarship,0,scholarship,
Fictional sample data,R037,2026-10-29,Ellis Lyle,ellis.lyle@example.org,Standard,40,paid,
