app_id,round,date_received,ministry,contact_first_name,amount_requested,project_title,project_summary,people_served_est,status,award_amount,decision_date,report_due,report_requested_date,report_received_date,report_status,label
CH-25S-01,Spring 2025,2025-03-10,Maple Street Food Pantry,Lena,3000,Weekend food bags,Weekend food bags for students at a nearby elementary school during the spring term.,40,awarded,3000,2025-04-20,2025-10-31,2025-10-01,2025-10-25,received,Fictional sample data
CH-25S-02,Spring 2025,2025-03-14,Northside Youth Soccer Outreach,Marcus,2500,Summer league scholarships,Scholarships so children from low-income families can join a summer soccer league with volunteer coaches.,60,awarded,2000,2025-04-20,2025-10-31,2025-10-01,2025-11-12,received,Fictional sample data
CH-25S-03,Spring 2025,2025-03-18,Riverside Moms Circle,Priya,5000,New meeting space,Rent for a larger weekly meeting room for a support group for young mothers.,25,declined,0,2025-04-20,,,,not applicable,Fictional sample data
CH-25F-01,Fall 2025,2025-09-08,Grace Tutoring Circle,Owen,4000,After-school reading help,Volunteer reading tutors and books for second and third graders two afternoons a week.,30,awarded,4000,2025-10-18,2026-04-30,2026-04-01,,overdue,Fictional sample data
CH-25F-02,Fall 2025,2025-09-15,Maple Street Food Pantry,Lena,3000,Holiday meal boxes,Holiday meal boxes for families referred by two neighborhood schools.,120,awarded,3000,2025-10-18,2026-04-30,2026-04-01,2026-04-22,received,Fictional sample data
CH-25F-03,Fall 2025,2025-09-20,Hope Street Recovery Fellowship,Tom,1500,Weekly meeting supplies,Coffee and printed materials for a weekly faith-based recovery group.,20,awarded,1500,2025-10-18,2026-04-30,2026-04-01,2026-05-10,received,Fictional sample data
CH-26S-01,Spring 2026,2026-03-09,Northside Youth Soccer Outreach,Marcus,2500,Summer league scholarships,Second year of summer league scholarships with a new parents' night.,70,awarded,2500,2026-04-19,2026-10-15,,,due,Fictional sample data
CH-26S-02,Spring 2026,2026-03-12,Eastgate Senior Visitors,Ruth,1000,Visitor training,Training for volunteers who visit homebound seniors each week.,35,awarded,1000,2026-04-19,2026-10-15,,,due,Fictional sample data
CH-26S-03,Spring 2026,2026-03-20,Westview Art Club for Kids,Jae,3500,Art supplies,Art supplies for a Saturday art club at a community center.,25,declined,0,2026-04-19,,,,not applicable,Fictional sample data
CH-26F-01,Fall 2026,2026-09-10,Grace Tutoring Circle,Owen,4000,Reading help expansion,Add a third tutoring afternoon and expand to fourth graders.,45,received,,,,,,not due,Fictional sample data
CH-26F-02,Fall 2026,2026-09-15,Riverside Moms Circle,Priya,2000,Diaper pantry,Monthly diaper and wipes pantry for mothers in the support group.,30,received,,,,,,not due,Fictional sample data
CH-26F-03,Fall 2026,2026-09-22,Southside Refugee Welcome Team,Amira,3000,English conversation nights,Weekly English conversation nights with childcare for newly arrived families.,40,received,,,,,,not due,Fictional sample data
